year,month,rainfall_mm,avg_temp,avg_humidity,reservoir_pct,consumption_mld,shortage_severity
2010,1,0.0,25.27,59.52,77.18,3400,Mild
2010,2,0.0,25.03,64.46,67.54,3400,Mild
2010,3,0.0,27.32,69.26,45.84,3400,Moderate
2010,4,0.49,28.97,73.5,39.91,3400,Moderate
2010,5,0.0,30.17,73.1,16.72,3400,Severe
2010,6,790.49,28.51,83.73,12.89,3400,Severe
2010,7,1135.25,26.55,90.13,49.87,3400,Moderate
2010,8,924.97,26.47,89.42,72.56,3400,Mild
2010,9,300.26,26.86,87.37,86.11,3400,Mild
2010,10,89.03,27.47,82.55,91.17,3400,Mild
2010,11,48.29,27.13,78.77,86.18,3400,Mild
2010,12,0.0,23.82,67.19,74.85,3400,Mild
2011,1,0.0,23.54,60.32,76.07,3450,Mild
2011,2,0.0,24.8,63.29,57.37,3450,Mild
2011,3,0.0,27.5,60.45,43.51,3450,Moderate
2011,4,0.0,27.95,74.8,30.2,3450,Moderate
2011,5,0.27,28.99,74.45,20.89,3450,Moderate
2011,6,550.41,27.53,86.4,9.76,3450,Severe
2011,7,1337.72,26.05,90.74,51.05,3450,Mild
2011,8,833.23,26.13,89.84,76.51,3450,Mild
2011,9,300.39,26.2,87.1,98.57,3450,Mild
2011,10,85.47,28.17,76.45,92.67,3450,Mild
2011,11,0.0,28.05,60.0,94.36,3450,Mild
2011,12,0.0,25.7,60.71,76.02,3450,Mild
2012,1,0.0,22.72,60.84,72.32,3500,Mild
2012,2,0.0,24.62,53.34,62.04,3500,Mild
2012,3,0.0,25.8,61.06,44.23,3500,Moderate
2012,4,0.0,28.01,72.67,42.64,3500,Moderate
2012,5,0.0,28.37,73.74,17.76,3500,Severe
2012,6,228.63,27.66,84.6,14.15,3500,Severe
2012,7,537.58,26.53,89.23,37.66,3500,Moderate
2012,8,598.25,26.27,88.84,68.45,3500,Mild
2012,9,493.74,26.39,87.63,96.51,3500,Mild
2012,10,104.84,27.65,76.06,92.82,3500,Mild
2012,11,0.0,26.09,65.73,86.16,3500,Mild
2012,12,0.0,25.16,65.48,78.98,3500,Mild
2013,1,0.0,23.25,64.74,70.43,3550,Mild
2013,2,0.0,24.9,64.54,54.42,3550,Mild
2013,3,0.0,27.17,61.97,47.0,3550,Moderate
2013,4,0.0,27.92,70.97,39.21,3550,Moderate
2013,5,2.3,29.24,73.58,25.15,3550,Moderate
2013,6,1048.49,26.92,88.17,6.76,3550,Severe
2013,7,1021.24,25.82,90.45,39.46,3550,Moderate
2013,8,264.47,25.75,88.87,75.45,3550,Mild
2013,9,256.68,26.49,86.63,90.7,3550,Mild
2013,10,61.89,27.4,80.71,91.67,3550,Mild
2013,11,3.54,27.06,65.13,88.72,3550,Mild
2013,12,0.26,24.73,63.03,73.54,3550,Mild
2014,1,0.47,23.83,63.61,71.05,3600,Mild
2014,2,4.08,24.2,65.0,56.4,3600,Mild
2014,3,0.0,26.82,63.68,42.12,3600,Moderate
2014,4,0.0,28.25,71.47,35.3,3600,Moderate
2014,5,0.0,29.55,72.74,21.05,3600,Moderate
2014,6,61.06,29.04,78.6,15.13,3600,Severe
2014,7,1358.83,26.5,89.35,42.58,3600,Moderate
2014,8,448.21,26.27,89.55,79.33,3600,Mild
2014,9,320.73,26.88,85.7,89.62,3600,Mild
2014,10,37.7,28.81,74.97,89.95,3600,Mild
2014,11,4.81,28.1,65.37,81.01,3600,Mild
2014,12,15.21,25.2,59.55,75.3,3600,Mild
2015,1,0.0,23.77,63.19,73.56,3650,Mild
2015,2,0.0,24.78,67.04,58.75,3650,Mild
2015,3,13.02,26.81,66.68,53.84,3650,Mild
2015,4,0.73,28.01,74.17,36.38,3650,Moderate
2015,5,1.15,30.0,72.71,27.44,3650,Moderate
2015,6,931.1,28.01,83.5,12.5,3650,Severe
2015,7,329.24,27.16,86.42,42.32,3650,Moderate
2015,8,193.14,26.65,87.35,78.06,3650,Mild
2015,9,219.46,27.02,84.47,97.2,3650,Mild
2015,10,67.34,28.86,77.26,100.0,3650,Mild
2015,11,1.64,28.15,65.2,82.79,3650,Mild
2015,12,0.0,25.66,58.23,73.3,3650,Mild
2016,1,0.0,23.88,62.87,73.75,3700,Mild
2016,2,0.0,24.58,69.34,66.06,3700,Mild
2016,3,4.84,27.58,68.61,42.56,3700,Moderate
2016,4,0.0,28.49,71.67,31.95,3700,Moderate
2016,5,1.71,29.77,75.9,14.5,3700,Severe
2016,6,580.59,28.75,81.2,8.35,3700,Severe
2016,7,830.18,26.25,90.74,52.74,3700,Mild
2016,8,544.15,26.25,88.52,71.55,3700,Mild
2016,9,731.3,26.36,86.9,94.99,3700,Mild
2016,10,82.13,26.66,79.81,97.38,3700,Mild
2016,11,0.0,25.97,62.47,81.26,3700,Mild
2016,12,0.0,25.51,61.48,79.94,3700,Mild
2017,1,0.0,23.35,62.23,75.53,3750,Mild
2017,2,0.0,24.94,58.14,67.58,3750,Mild
2017,3,0.0,26.06,67.77,44.11,3750,Moderate
2017,4,0.0,27.98,74.27,29.71,3750,Moderate
2017,5,1.04,29.44,76.68,19.29,3750,Severe
2017,6,584.95,27.96,85.07,17.47,3750,Severe
2017,7,702.39,26.77,86.65,49.91,3750,Moderate
2017,8,797.0,26.59,87.16,73.7,3750,Mild
2017,9,539.93,27.18,87.23,93.03,3750,Mild
2017,10,102.11,27.39,82.87,91.61,3750,Mild
2017,11,0.0,25.84,63.87,95.27,3750,Mild
2017,12,79.69,23.9,68.06,82.03,3750,Mild
2018,1,0.0,23.67,64.23,79.87,3850,Mild
2018,2,0.0,25.08,60.79,58.16,3850,Mild
2018,3,0.0,26.81,68.23,47.81,3850,Moderate
2018,4,0.0,28.03,77.03,41.89,3850,Moderate
2018,5,0.0,29.55,76.42,25.65,3850,Moderate
2018,6,846.86,28.11,84.27,6.81,3850,Severe
2018,7,913.47,26.42,88.68,41.08,3850,Moderate
2018,8,228.59,26.06,87.29,70.59,3850,Mild
2018,9,78.94,26.6,85.07,98.65,3850,Mild
2018,10,13.35,28.68,73.13,99.38,3850,Mild
2018,11,8.94,27.33,65.0,87.83,3850,Mild
2018,12,0.0,23.87,57.87,83.92,3850,Mild
2019,1,0.0,22.29,59.58,71.41,3850,Mild
2019,2,0.0,23.16,65.29,54.46,3850,Mild
2019,3,0.0,25.32,69.42,42.19,3850,Moderate
2019,4,0.0,27.95,75.93,30.36,3850,Moderate
2019,5,0.0,28.88,75.52,14.76,3850,Severe
2019,6,412.76,28.53,82.23,17.99,3850,Severe
2019,7,1302.47,26.64,90.16,41.12,3850,Moderate
2019,8,479.83,26.46,88.9,79.02,3850,Mild
2019,9,987.8,26.45,90.07,84.86,3850,Mild
2019,10,92.01,27.21,84.19,96.93,3850,Mild
2019,11,57.01,26.82,76.97,91.22,3850,Mild
2019,12,1.17,25.79,69.1,80.36,3850,Mild
2020,1,0.0,23.0,68.32,68.7,3850,Mild
2020,2,0.0,25.23,57.86,54.8,3850,Mild
2020,3,0.1,25.92,66.71,44.94,3850,Moderate
2020,4,0.0,28.65,74.9,32.38,3850,Moderate
2020,5,0.0,29.84,75.65,25.68,3850,Moderate
2020,6,439.81,27.49,87.37,13.94,3850,Severe
2020,7,1328.77,26.9,90.03,43.44,3850,Moderate
2020,8,1182.08,26.44,90.0,60.17,3850,Mild
2020,9,411.25,26.97,88.5,98.87,3850,Mild
2020,10,184.46,27.36,85.65,100.0,3850,Mild
2020,11,0.0,26.86,63.47,92.64,3850,Mild
2020,12,16.79,25.05,64.84,79.87,3850,Mild
2021,1,0.73,24.22,69.1,73.03,3900,Mild
2021,2,0.83,25.33,58.11,64.47,3900,Mild
2021,3,0.01,27.99,56.65,54.93,3900,Mild
2021,4,0.0,28.55,75.63,42.7,3900,Moderate
2021,5,219.08,29.26,76.87,18.27,3900,Severe
2021,6,796.31,27.11,87.97,11.5,3900,Severe
2021,7,981.15,27.01,87.42,18.0,3900,Severe
2021,8,323.2,26.34,88.19,85.0,3900,Mild
2021,9,601.25,26.32,89.2,87.12,3900,Mild
2021,10,36.04,27.33,77.84,100.0,3900,Mild
2021,11,25.16,27.07,69.03,91.11,3900,Mild
2021,12,90.04,23.66,75.45,78.73,3900,Mild
2022,1,0.0,22.52,66.0,70.43,3920,Mild
2022,2,0.0,23.29,66.21,61.4,3920,Mild
2022,3,0.0,28.14,55.97,52.69,3920,Mild
2022,4,1.2,29.01,73.53,33.61,3920,Moderate
2022,5,18.4,29.81,71.39,24.34,3920,Moderate
2022,6,492.3,27.76,81.67,6.11,3920,Severe
2022,7,842.1,26.09,88.0,40.73,3920,Moderate
2022,8,765.4,26.39,86.0,67.08,3920,Mild
2022,9,298.7,26.17,87.6,92.69,3920,Mild
2022,10,102.3,26.3,80.26,92.38,3920,Mild
2022,11,12.4,25.68,59.7,84.46,3920,Mild
2022,12,0.0,25.35,64.06,72.97,3920,Mild
2023,1,0.0,22.63,67.13,64.41,3950,Mild
2023,2,0.0,25.72,50.46,63.47,3950,Mild
2023,3,0.0,27.19,61.48,46.44,3950,Moderate
2023,4,0.8,28.74,67.97,34.26,3950,Moderate
2023,5,22.1,29.74,73.71,18.55,3950,Severe
2023,6,612.4,28.97,78.4,18.37,3950,Severe
2023,7,954.3,26.42,88.48,42.77,3950,Moderate
2023,8,821.6,26.8,84.42,69.63,3950,Mild
2023,9,341.2,26.74,87.33,95.78,3950,Mild
2023,10,88.7,27.96,73.42,100.0,3950,Mild
2023,11,8.2,27.49,63.03,85.99,3950,Mild
2023,12,0.0,25.96,61.0,79.5,3950,Mild
2024,1,0.0,24.45,57.97,69.02,3975,Mild
2024,2,0.0,25.54,52.9,55.28,3975,Mild
2024,3,0.0,26.65,59.58,47.33,3975,Moderate
2024,4,2.1,29.54,64.07,34.97,3975,Moderate
2024,5,31.4,30.47,73.1,19.38,3975,Severe
2024,6,524.8,28.38,82.73,10.46,3975,Severe
2024,7,876.5,26.75,88.45,66.77,3975,Mild
2024,8,742.3,26.85,86.03,82.9,3975,Mild
2024,9,312.4,26.37,86.77,98.34,3975,Mild
2024,10,95.6,27.25,84.39,94.73,3975,Mild
2024,11,15.3,27.52,54.3,88.24,3975,Mild
2024,12,0.0,25.65,59.13,81.29,3975,Mild
2025,1,0.0,25.59,55.19,77.45,4000,Mild
2025,2,0.0,27.47,42.68,66.77,4000,Mild
2025,3,0.0,29.08,50.45,49.74,4000,Moderate
2025,4,1.4,29.69,68.27,33.21,4000,Moderate
2025,5,19.8,29.07,76.61,23.49,4000,Moderate
2025,6,456.5,27.63,84.63,13.3,4000,Severe
2025,7,812.4,26.7,86.0,43.69,4000,Moderate
2025,8,698.7,26.4,86.16,82.6,4000,Mild
2025,9,287.6,26.26,86.5,87.16,4000,Mild
2025,10,91.2,27.95,74.1,100.0,4000,Mild
2025,11,11.8,26.51,60.63,95.91,4000,Mild
2025,12,0.0,25.48,46.1,83.09,4000,Mild
